Vin, Battery voltage, Battery current, Battery capacity, Efficiency
8816.0,3633,-30,5,87.68%
8816.0,3633,-30,5,87.60%
8824.0,3633,-30,5,87.73%
Vin, Battery voltage, Battery current, Battery capacity, Efficiency
8776.0,4062,3625,6,86.99%
8776.0,4069,3625,6,86.98%
8776.0,4075,3621,6,86.98%
8776.0,4077,3617,6,87.05%
8776.0,4081,3615,6,86.83%
8776.0,4087,3610,7,86.90%
8776.0,4091,3606,7,86.86%
8776.0,4096,3605,7,87.07%
8776.0,4100,3607,7,86.84%
8776.0,4100,3604,7,87.01%
8776.0,4106,3596,7,86.97%
8776.0,4108,3599,7,86.92%
8776.0,4111,3601,7,87.09%
8776.0,4112,3599,7,87.00%
8776.0,4116,3595,8,86.96%
8776.0,4118,3596,8,86.91%
8776.0,4119,3601,8,86.95%
8776.0,4122,3597,8,87.05%
8776.0,4123,3598,8,86.99%
8776.0,4124,3598,8,86.86%
8776.0,4124,3596,8,86.90%
8776.0,4126,3598,8,86.94%
8776.0,4126,3589,9,86.86%
8776.0,4126,3590,9,87.11%
8776.0,4130,3593,9,87.06%
8776.0,4127,3590,9,86.98%
8776.0,4126,3583,9,87.02%
8776.0,4127,3593,9,86.89%
8768.0,4127,3580,9,87.10%
8776.0,4131,3590,9,86.94%
8776.0,4132,3595,9,86.94%
8776.0,4128,3591,10,86.89%
8776.0,4128,3584,10,86.80%
8776.0,4131,3591,10,86.89%
8776.0,4131,3581,10,86.83%
8776.0,4130,3580,10,86.88%
8776.0,4131,3585,10,86.93%
8776.0,4131,3583,10,86.97%
8776.0,4133,3581,10,86.88%
8776.0,4130,3584,10,86.97%
8776.0,4131,3589,11,86.93%
8776.0,4132,3591,11,86.97%
8776.0,4131,3590,11,86.79%
8768.0,4131,3589,11,86.87%
8776.0,4133,3589,11,86.83%
8776.0,4132,3578,11,86.88%
8776.0,4133,3587,11,86.88%
8776.0,4132,3585,11,86.88%
8776.0,4135,3591,12,86.75%
8776.0,4136,3579,12,86.88%
8776.0,4132,3582,12,86.79%
8776.0,4137,3587,12,86.93%
8776.0,4134,3590,12,86.75%
8776.0,4131,3581,12,86.88%
8768.0,4133,3582,12,86.83%
8776.0,4135,3585,12,86.96%
8776.0,4134,3588,13,86.83%
8776.0,4135,3583,13,86.88%
8776.0,4132,3580,13,86.83%
8776.0,4136,3582,13,86.88%
8776.0,4136,3582,13,87.05%
8776.0,4138,3580,13,86.78%
8776.0,4136,3574,13,87.00%
8776.0,4136,3581,13,86.96%
8776.0,4135,3580,14,87.00%
8776.0,4137,3577,14,86.91%
8776.0,4135,3572,14,87.05%
8768.0,4137,3586,14,87.08%
8776.0,4138,3584,14,86.87%
8776.0,4136,3582,14,87.00%
8776.0,4136,3582,14,86.87%
8776.0,4139,3570,14,86.87%
8768.0,4137,3585,15,87.03%
8776.0,4137,3583,15,86.95%
8776.0,4136,3580,15,86.95%
8776.0,4142,3575,15,86.86%
8776.0,4140,3573,15,86.90%
8768.0,4142,3575,15,86.94%
8768.0,4140,3581,15,86.95%
8776.0,4141,3578,15,86.83%
8776.0,4142,3576,16,86.82%
8776.0,4141,3579,16,86.82%
8776.0,4142,3574,16,86.82%
8776.0,4140,3574,16,86.73%
8776.0,4145,3583,16,86.73%
8776.0,4144,3581,16,86.73%
8776.0,4142,3582,16,86.99%
8776.0,4142,3584,16,87.03%
8776.0,4143,3579,16,86.94%
8768.0,4144,3584,17,87.02%
8768.0,4145,3579,17,86.94%
8776.0,4145,3575,17,86.94%
8768.0,4144,3576,17,86.90%
8768.0,4148,3588,17,86.90%
8768.0,4147,3579,17,86.94%
8768.0,4147,3581,17,86.98%
8768.0,4147,3578,17,86.98%
8768.0,4148,3578,18,86.89%
8768.0,4151,3573,18,86.94%
8768.0,4148,3579,18,86.85%
8768.0,4150,3582,18,86.89%
8768.0,4150,3579,18,86.93%
8768.0,4150,3569,18,86.94%
8768.0,4149,3576,18,86.94%
8776.0,4155,3576,18,87.07%
8768.0,4150,3579,18,87.01%
8768.0,4153,3575,19,86.97%
8776.0,4153,3573,19,86.93%
8776.0,4153,3581,19,86.97%
8768.0,4153,3575,19,86.93%
8768.0,4155,3577,19,87.02%
8768.0,4153,3574,19,86.97%
8768.0,4156,3578,19,86.97%
8776.0,4156,3578,19,86.83%
8768.0,4156,3580,19,86.97%
8768.0,4158,3574,20,86.93%
8768.0,4159,3575,20,86.97%
8768.0,4156,3581,20,86.97%
8776.0,4159,3573,20,86.76%
8768.0,4158,3579,20,86.97%
8768.0,4160,3584,20,87.05%
8776.0,4161,3573,20,86.76%
8768.0,4161,3581,20,87.05%
8768.0,4161,3574,20,86.92%
8768.0,4162,3575,21,87.01%
8768.0,4162,3580,21,86.96%
8768.0,4163,3578,21,86.96%
8768.0,4162,3576,21,87.00%
8768.0,4164,3570,21,87.00%
8768.0,4165,3569,21,86.96%
8768.0,4163,3573,21,86.87%
8768.0,4165,3576,21,87.01%
8768.0,4165,3582,21,86.91%
8768.0,4164,3580,22,86.84%
8768.0,4167,3581,22,86.92%
8768.0,4166,3578,22,86.88%
8768.0,4169,3570,22,87.09%
8768.0,4167,3573,22,86.95%
8768.0,4169,3574,22,86.99%
8768.0,4169,3575,22,86.91%
8768.0,4168,3577,22,87.04%
8768.0,4168,3570,22,86.95%
8768.0,4172,3574,23,86.91%
8768.0,4174,3572,23,86.91%
8768.0,4170,3571,23,86.87%
8768.0,4173,3577,23,86.87%
8768.0,4171,3575,23,86.78%
8768.0,4175,3577,23,87.03%
8768.0,4175,3575,23,86.91%
8768.0,4173,3570,23,86.92%
8768.0,4175,3577,23,86.78%
8768.0,4175,3575,24,86.86%
8768.0,4176,3570,24,86.99%
8768.0,4175,3575,24,86.86%
8768.0,4177,3578,24,87.03%
8768.0,4176,3567,24,86.99%
8768.0,4179,3581,24,86.94%
8768.0,4179,3573,24,86.94%
8768.0,4179,3573,24,86.94%
8768.0,4179,3571,24,86.99%
8768.0,4180,3572,25,86.99%
8768.0,4181,3569,25,86.90%
8768.0,4182,3573,25,86.90%
8768.0,4182,3574,25,86.94%
8768.0,4180,3575,25,86.85%
8768.0,4182,3576,25,86.99%
8768.0,4182,3571,25,86.95%
8768.0,4183,3574,25,86.90%
8768.0,4185,3566,25,86.94%
8768.0,4185,3575,26,87.02%
8768.0,4183,3570,26,87.02%
8768.0,4182,3570,26,86.98%
8768.0,4184,3572,26,87.06%
8768.0,4184,3565,26,87.02%
8768.0,4186,3570,26,87.02%
8768.0,4187,3570,26,86.98%
8768.0,4187,3575,26,86.97%
8768.0,4186,3565,26,86.98%
8768.0,4188,3575,26,86.94%
8768.0,4190,3573,27,86.98%
8768.0,4189,3572,27,86.81%
8768.0,4187,3574,27,86.89%
8768.0,4190,3572,27,86.88%
8768.0,4191,3572,27,86.94%
8768.0,4191,3573,27,86.77%
8768.0,4193,3573,27,87.06%
8768.0,4191,3575,27,86.97%
8768.0,4191,3573,27,87.01%
8768.0,4191,3563,28,86.97%
8768.0,4193,3572,28,87.06%
8768.0,4193,3573,28,86.93%
8768.0,4194,3568,28,86.88%
8768.0,4195,3574,28,86.97%
8768.0,4194,3570,28,87.02%
8768.0,4196,3579,28,86.97%
8768.0,4197,3574,28,86.97%
8768.0,4196,3569,28,86.92%
8768.0,4194,3575,28,86.97%
8768.0,4197,3569,29,87.01%
8768.0,4196,3568,29,86.97%
8760.0,4196,3568,29,87.00%
8768.0,4198,3577,29,86.92%
8760.0,4196,3572,29,86.96%
8768.0,4199,3571,29,86.92%
8760.0,4199,3573,29,86.96%
8760.0,4198,3573,29,87.10%
8760.0,4198,3565,29,86.92%
8768.0,4200,3579,29,86.88%
8768.0,4200,3565,30,87.01%
8768.0,4203,3568,30,87.04%
8768.0,4200,3572,30,87.00%
8768.0,4200,3572,30,87.05%
8768.0,4202,3575,30,87.01%
8760.0,4201,3580,30,86.99%
8768.0,4202,3569,30,87.05%
8768.0,4206,3566,30,86.92%
8760.0,4202,3580,30,87.04%
8768.0,4204,3571,30,86.96%
8768.0,4203,3572,31,87.00%
8768.0,4207,3566,31,86.87%
8768.0,4200,3566,31,86.96%
8768.0,4203,3576,31,86.88%
8760.0,4204,3569,31,86.96%
8768.0,4203,3573,31,87.05%
8768.0,4206,3573,31,86.92%
8760.0,4205,3579,31,87.00%
8768.0,4205,3567,31,86.92%
8760.0,4202,3571,31,87.00%
8768.0,4204,3571,32,86.88%
8760.0,4205,3575,32,86.91%
8768.0,4207,3571,32,86.88%
8760.0,4206,3574,32,86.83%
8760.0,4209,3573,32,86.91%
8768.0,4205,3573,32,86.99%
8760.0,4208,3568,32,86.92%
8768.0,4207,3572,32,86.92%
8768.0,4205,3569,32,87.13%
8768.0,4210,3572,32,86.96%
8760.0,4209,3571,33,87.17%
8760.0,4207,3568,33,87.17%
8760.0,4208,3570,33,87.12%
8768.0,4209,3572,33,87.04%
8768.0,4210,3575,33,86.99%
8760.0,4208,3572,33,87.12%
8768.0,4210,3570,33,86.99%
8768.0,4211,3571,33,87.03%
8760.0,4208,3562,33,87.03%
8760.0,4210,3575,33,87.17%
8768.0,4210,3572,34,87.03%
8760.0,4213,3567,34,87.03%
8768.0,4213,3565,34,86.99%
8768.0,4209,3570,34,86.87%
8760.0,4212,3572,34,86.99%
8760.0,4211,3567,34,86.99%
8768.0,4212,3577,34,86.96%
8760.0,4212,3563,34,87.07%
8768.0,4211,3567,34,86.91%
8760.0,4210,3567,34,86.99%
8760.0,4211,3575,35,86.99%
8760.0,4213,3569,35,87.04%
8760.0,4215,3570,35,86.99%
8760.0,4212,3574,35,86.99%
8760.0,4212,3571,35,86.99%
8768.0,4215,3574,35,86.87%
8768.0,4214,3572,35,86.94%
8768.0,4216,3567,35,86.82%
8768.0,4214,3570,35,86.87%
8760.0,4213,3571,35,87.04%
8768.0,4215,3572,36,86.96%
8768.0,4216,3573,36,86.87%
8768.0,4215,3575,36,86.92%
8760.0,4218,3574,36,87.03%
8768.0,4219,3571,36,86.82%
8760.0,4215,3566,36,86.98%
8760.0,4215,3573,36,86.95%
8768.0,4215,3571,36,86.99%
8760.0,4216,3573,36,86.94%
8760.0,4218,3570,37,87.07%
8768.0,4216,3571,37,87.03%
8760.0,4217,3575,37,86.94%
8760.0,4217,3569,37,87.07%
8760.0,4218,3570,37,87.07%
8768.0,4219,3571,37,86.99%
8760.0,4217,3568,37,87.07%
8760.0,4218,3573,37,87.07%
8760.0,4218,3570,37,87.15%
8768.0,4217,3571,37,87.11%
8760.0,4219,3574,38,87.07%
8760.0,4220,3572,38,87.19%
8760.0,4217,3573,38,87.02%
8760.0,4220,3565,38,87.07%
8760.0,4217,3571,38,86.94%
8760.0,4218,3563,38,87.15%
8760.0,4218,3567,38,87.02%
8768.0,4219,3571,38,86.94%
8760.0,4219,3567,38,87.07%
8768.0,4219,3575,39,86.94%
8760.0,4219,3568,39,87.11%
8768.0,4219,3571,39,87.02%
8768.0,4219,3565,39,86.94%
8760.0,4218,3568,39,87.02%
8760.0,4219,3561,39,86.97%
8760.0,4220,3564,39,87.07%
8760.0,4220,3567,39,87.11%
8768.0,4221,3571,39,87.03%
8760.0,4221,3572,40,87.07%
8768.0,4220,3569,40,86.99%
8768.0,4220,3571,40,86.99%
8768.0,4221,3569,40,86.99%
8768.0,4222,3566,40,86.98%
8760.0,4221,3569,40,86.97%
8760.0,4222,3573,40,87.02%
8760.0,4220,3567,40,87.02%
8768.0,4224,3571,40,86.98%
8760.0,4224,3569,40,87.02%
8760.0,4223,3571,41,86.98%
8768.0,4222,3567,41,86.85%
8760.0,4222,3568,41,86.97%
8768.0,4222,3564,41,86.97%
8760.0,4223,3569,41,86.93%
8760.0,4222,3566,41,86.97%
8760.0,4222,3565,41,86.93%
8760.0,4223,3562,41,86.97%
8760.0,4224,3566,41,87.14%
8768.0,4224,3570,42,87.01%
8760.0,4223,3562,42,87.18%
8760.0,4224,3568,42,87.10%
8760.0,4225,3574,42,87.13%
8760.0,4223,3563,42,87.14%
8760.0,4225,3570,42,87.10%
8760.0,4223,3566,42,87.09%
8760.0,4225,3563,42,87.00%
8760.0,4225,3569,42,87.10%
8760.0,4227,3570,43,87.10%
8760.0,4224,3563,43,87.09%
8760.0,4225,3565,43,87.10%
8760.0,4227,3564,43,87.05%
8760.0,4226,3575,43,87.05%
8760.0,4225,3568,43,87.00%
8760.0,4227,3562,43,87.05%
8760.0,4225,3565,43,87.18%
8768.0,4227,3569,43,86.97%
8760.0,4227,3567,44,87.10%
8760.0,4226,3568,44,87.01%
8760.0,4228,3564,44,87.10%
8760.0,4227,3569,44,86.96%
8760.0,4227,3570,44,87.06%
8760.0,4228,3565,44,87.01%
8768.0,4229,3563,44,86.93%
8760.0,4229,3567,44,87.06%
8760.0,4228,3565,44,87.01%
8760.0,4229,3566,45,87.09%
8768.0,4229,3560,45,87.06%
8760.0,4227,3568,45,87.01%
8760.0,4229,3565,45,87.05%
8760.0,4229,3561,45,87.01%
8768.0,4229,3567,45,87.02%
8768.0,4227,3567,45,86.93%
8768.0,4229,3565,45,86.93%
8760.0,4229,3565,45,87.05%
8760.0,4229,3565,46,87.01%
8760.0,4231,3569,46,87.01%
8760.0,4233,3568,46,87.01%
8760.0,4230,3567,46,87.07%
8760.0,4232,3562,46,87.01%
8760.0,4229,3569,46,86.96%
8760.0,4233,3570,46,87.09%
8760.0,4231,3568,46,86.97%
8760.0,4230,3570,46,86.97%
8768.0,4232,3570,47,87.14%
8760.0,4233,3574,47,87.00%
8760.0,4232,3571,47,87.14%
8760.0,4233,3569,47,87.17%
8760.0,4232,3566,47,87.05%
8760.0,4233,3567,47,87.09%
8760.0,4233,3567,47,87.08%
8760.0,4233,3561,47,87.09%
8760.0,4234,3570,47,87.05%
8760.0,4233,3568,48,87.13%
8760.0,4236,3564,48,87.04%
8760.0,4236,3566,48,87.13%
8760.0,4234,3563,48,87.00%
8760.0,4234,3568,48,87.08%
8760.0,4233,3562,48,87.04%
8760.0,4234,3564,48,87.04%
8760.0,4234,3566,48,87.04%
8760.0,4237,3565,48,87.09%
8760.0,4237,3565,49,86.99%
8760.0,4234,3563,49,87.08%
8760.0,4237,3565,49,87.13%
8760.0,4237,3566,49,87.08%
8760.0,4240,3567,49,87.04%
8760.0,4239,3571,49,86.99%
8760.0,4235,3564,49,87.09%
8760.0,4238,3566,49,86.99%
8760.0,4238,3569,49,86.91%
8760.0,4236,3565,50,87.04%
8760.0,4238,3568,50,87.00%
8760.0,4237,3566,50,87.00%
8760.0,4239,3566,50,86.92%
8760.0,4237,3567,50,87.09%
8760.0,4238,3568,50,86.97%
8760.0,4238,3565,50,87.17%
8760.0,4241,3567,50,87.17%
8760.0,4239,3568,50,87.03%
8760.0,4241,3567,51,87.12%
8760.0,4241,3571,51,87.17%
8760.0,4240,3566,51,86.96%
8760.0,4239,3565,51,87.13%
8760.0,4240,3569,51,87.17%
8760.0,4240,3563,51,87.08%
8760.0,4243,3566,51,87.16%
8760.0,4240,3567,51,87.03%
8760.0,4243,3565,51,87.17%
8760.0,4241,3564,52,87.08%
8760.0,4245,3565,52,87.08%
8760.0,4242,3564,52,87.08%
8760.0,4245,3565,52,87.17%
8760.0,4245,3565,52,87.08%
8760.0,4242,3562,52,87.03%
8760.0,4241,3563,52,87.07%
8760.0,4241,3566,52,87.12%
8760.0,4247,3565,52,87.07%
8760.0,4245,3565,53,87.08%
8760.0,4245,3567,53,86.91%
8760.0,4245,3570,53,87.00%
8760.0,4248,3565,53,87.00%
8760.0,4244,3566,53,87.03%
8760.0,4245,3571,53,86.95%
8760.0,4245,3563,53,86.95%
8760.0,4247,3560,53,87.00%
8760.0,4250,3571,53,87.04%
8760.0,4247,3566,54,87.03%
8760.0,4245,3564,54,87.00%
8760.0,4246,3568,54,87.00%
8760.0,4250,3566,54,87.07%
8760.0,4246,3572,54,87.16%
8760.0,4250,3565,54,87.24%
8760.0,4248,3569,54,87.11%
8760.0,4248,3566,54,87.20%
8760.0,4250,3565,54,87.06%
8760.0,4250,3565,55,87.07%
8760.0,4248,3569,55,87.12%
8760.0,4248,3565,55,87.12%
8760.0,4247,3564,55,87.15%
8760.0,4251,3567,55,87.04%
8760.0,4250,3566,55,87.11%
8760.0,4250,3560,55,87.07%
8760.0,4249,3565,55,87.02%
8760.0,4254,3570,55,87.11%
8760.0,4250,3566,56,87.07%
8760.0,4250,3570,56,87.07%
8760.0,4251,3569,56,87.03%
8760.0,4252,3563,56,86.94%
8760.0,4257,3570,56,86.99%
8760.0,4251,3562,56,87.04%
8760.0,4252,3566,56,87.04%
8760.0,4254,3567,56,86.94%
8760.0,4255,3571,56,86.98%
8760.0,4254,3566,57,87.07%
8760.0,4255,3560,57,86.90%
8760.0,4253,3565,57,87.15%
8760.0,4256,3571,57,87.19%
8760.0,4255,3565,57,87.28%
8760.0,4256,3565,57,87.20%
8760.0,4259,3564,57,87.15%
8760.0,4260,3567,57,87.10%
8760.0,4256,3557,57,87.19%
8760.0,4256,3565,58,87.15%
8760.0,4258,3560,58,87.15%
8760.0,4259,3569,58,87.02%
8760.0,4258,3562,58,87.01%
8760.0,4258,3565,58,86.97%
8760.0,4262,3565,58,87.10%
8760.0,4260,3562,58,87.06%
8752.0,4261,3565,58,87.11%
8760.0,4260,3571,58,87.06%
8760.0,4263,3565,59,87.06%
8760.0,4261,3563,59,87.11%
8760.0,4260,3565,59,87.03%
8760.0,4262,3573,59,86.98%
8760.0,4265,3569,59,86.93%
8760.0,4263,3566,59,86.93%
8760.0,4262,3565,59,87.07%
8760.0,4265,3569,59,87.23%
8760.0,4265,3560,59,86.93%
8760.0,4265,3564,60,87.14%
8760.0,4265,3561,60,87.18%
8760.0,4265,3566,60,87.09%
8760.0,4264,3565,60,87.13%
8760.0,4266,3561,60,87.14%
8760.0,4267,3570,60,87.14%
8760.0,4268,3573,60,87.14%
8760.0,4270,3568,60,87.01%
8760.0,4267,3567,60,87.14%
8760.0,4269,3571,61,87.05%
8760.0,4267,3561,61,87.14%
8760.0,4269,3569,61,87.10%
8760.0,4268,3563,61,87.14%
8760.0,4271,3566,61,87.08%
8760.0,4270,3568,61,87.05%
8760.0,4270,3566,61,87.06%
8760.0,4268,3563,61,87.01%
8760.0,4270,3567,61,87.13%
8760.0,4271,3567,61,87.05%
8760.0,4271,3569,62,87.14%
8760.0,4271,3568,62,86.96%
8760.0,4272,3563,62,87.17%
8760.0,4273,3563,62,87.27%
8760.0,4273,3565,62,87.12%
8760.0,4274,3565,62,87.09%
8760.0,4273,3564,62,87.12%
8760.0,4274,3567,62,87.26%
8760.0,4273,3559,62,87.09%
8760.0,4274,3561,63,87.09%
8752.0,4274,3567,63,87.08%
8760.0,4277,3564,63,87.09%
8760.0,4275,3569,63,87.21%
8760.0,4276,3562,63,87.00%
8760.0,4274,3565,63,87.04%
8760.0,4278,3561,63,87.04%
8760.0,4277,3558,63,87.13%
8760.0,4278,3562,63,87.14%
8760.0,4278,3563,64,86.95%
8760.0,4279,3565,64,86.99%
8760.0,4279,3565,64,87.04%
8760.0,4279,3565,64,87.04%
8760.0,4278,3563,64,86.95%
8760.0,4279,3568,64,87.12%
8760.0,4280,3566,64,87.21%
8760.0,4281,3565,64,87.25%
8760.0,4283,3567,64,87.16%
8760.0,4282,3562,64,87.25%
8760.0,4283,3567,65,87.13%
8760.0,4282,3565,65,87.13%
8760.0,4282,3569,65,87.21%
8760.0,4281,3562,65,87.13%
8760.0,4283,3565,65,87.15%
8760.0,4283,3563,65,87.12%
8760.0,4285,3565,65,87.08%
8760.0,4284,3568,65,87.16%
8760.0,4286,3563,65,87.03%
8760.0,4284,3563,66,87.08%
8760.0,4286,3567,66,87.04%
8760.0,4286,3566,66,87.08%
8760.0,4288,3566,66,87.16%
8760.0,4288,3566,66,87.19%
8760.0,4288,3570,66,87.19%
8760.0,4289,3561,66,87.19%
8760.0,4289,3565,66,87.24%
8760.0,4290,3565,66,87.16%
8760.0,4290,3566,66,87.16%
8760.0,4290,3569,67,87.14%
8760.0,4290,3558,67,87.16%
8760.0,4290,3563,67,87.20%
8760.0,4291,3564,67,87.04%
8760.0,4293,3563,67,87.11%
8760.0,4291,3563,67,87.02%
8760.0,4292,3570,67,87.16%
8760.0,4294,3564,67,87.03%
8760.0,4293,3564,67,87.04%
8760.0,4293,3566,68,87.04%
8760.0,4295,3562,68,86.94%
8760.0,4295,3566,68,87.23%
8760.0,4295,3555,68,87.10%
8760.0,4296,3561,68,87.15%
8760.0,4295,3564,68,87.15%
8760.0,4298,3566,68,87.24%
8760.0,4298,3567,68,87.18%
8760.0,4297,3567,68,87.20%
8760.0,4299,3569,68,87.11%
8760.0,4300,3565,69,87.23%
8760.0,4297,3562,69,87.15%
8760.0,4301,3563,69,87.20%
8760.0,4301,3565,69,87.07%
8760.0,4300,3562,69,87.11%
8760.0,4300,3561,69,87.10%
8760.0,4302,3569,69,87.06%
8760.0,4302,3567,69,87.02%
8760.0,4302,3561,69,87.06%
8760.0,4305,3561,70,86.97%
8760.0,4302,3565,70,87.21%
8760.0,4304,3561,70,87.35%
8760.0,4305,3562,70,87.19%
8760.0,4308,3563,70,87.18%
8760.0,4306,3569,70,87.26%
8760.0,4305,3565,70,87.09%
8760.0,4308,3564,70,87.14%
8760.0,4305,3565,70,87.18%
8760.0,4308,3569,71,87.10%
8752.0,4310,3563,71,87.18%
8760.0,4310,3566,71,87.19%
8760.0,4308,3561,71,87.05%
8760.0,4309,3557,71,87.14%
8760.0,4311,3564,71,86.96%
8752.0,4312,3562,71,87.17%
8760.0,4313,3563,71,87.13%
8760.0,4313,3558,71,87.22%
8760.0,4313,3561,72,87.26%
8760.0,4313,3565,72,87.18%
8752.0,4313,3568,72,87.25%
8760.0,4314,3554,72,87.22%
8760.0,4315,3564,72,87.13%
8760.0,4316,3566,72,87.07%
8760.0,4317,3565,72,87.17%
8752.0,4315,3563,72,87.16%
8760.0,4316,3561,72,87.22%
8752.0,4317,3565,73,87.09%
8760.0,4321,3565,73,87.09%
8760.0,4318,3561,73,87.05%
8760.0,4317,3567,73,87.18%
8752.0,4321,3564,73,87.24%
8752.0,4320,3564,73,87.24%
8752.0,4322,3561,73,87.20%
8760.0,4321,3567,73,87.21%
8760.0,4321,3563,73,87.11%
8752.0,4321,3566,74,87.24%
8760.0,4322,3565,74,87.17%
8752.0,4327,3565,74,87.24%
8760.0,4323,3562,74,87.21%
8752.0,4324,3560,74,87.12%
8752.0,4327,3570,74,87.21%
8752.0,4324,3563,74,87.24%
8760.0,4329,3563,74,86.95%
8752.0,4324,3556,74,87.04%
8752.0,4327,3561,75,87.21%
8752.0,4326,3561,75,87.33%
8760.0,4327,3568,75,87.16%
8760.0,4327,3567,75,87.21%
8760.0,4330,3561,75,87.12%
8752.0,4332,3567,75,87.24%
8752.0,4329,3570,75,87.33%
8752.0,4330,3567,75,87.27%
8752.0,4334,3565,75,87.23%
8752.0,4330,3560,76,87.19%
8752.0,4331,3566,76,87.11%
8752.0,4333,3569,76,87.20%
8752.0,4335,3564,76,87.19%
8760.0,4334,3566,76,87.07%
8752.0,4335,3560,76,87.20%
8760.0,4337,3560,76,87.22%
8752.0,4336,3563,76,87.10%
8752.0,4337,3557,76,87.39%
8760.0,4337,3563,77,87.27%
8752.0,4339,3560,77,87.27%
8760.0,4339,3563,77,87.15%
8752.0,4338,3565,77,87.18%
8752.0,4341,3561,77,87.23%
8752.0,4342,3560,77,87.27%
8760.0,4339,3557,77,87.15%
8760.0,4342,3561,77,87.06%
8752.0,4340,3565,77,87.24%
8752.0,4343,3562,78,87.24%
8752.0,4344,3561,78,87.19%
8752.0,4344,3561,78,87.35%
8752.0,4345,3564,78,87.31%
8752.0,4345,3562,78,87.26%
8752.0,4347,3567,78,87.26%
8752.0,4347,3566,78,87.17%
8752.0,4346,3563,78,87.17%
8752.0,4347,3557,78,87.25%
8760.0,4349,3560,79,87.14%
8752.0,4348,3564,79,87.21%
8752.0,4348,3563,79,87.25%
8760.0,4350,3554,79,87.17%
8760.0,4351,3561,79,87.17%
8752.0,4351,3561,79,87.14%
8752.0,4350,3562,79,87.33%
8752.0,4354,3564,79,87.29%
8752.0,4355,3560,79,87.29%
8752.0,4354,3561,80,87.29%
8752.0,4354,3565,80,87.34%
8752.0,4356,3560,80,87.29%
8752.0,4356,3561,80,87.29%
8752.0,4357,3560,80,87.21%
8752.0,4355,3562,80,87.17%
8752.0,4355,3560,80,87.21%
8752.0,4358,3563,80,87.17%
8752.0,4358,3566,80,87.25%
8752.0,4359,3555,81,87.16%
8752.0,4361,3564,81,87.21%
8752.0,4361,3563,81,87.28%
8752.0,4361,3567,81,87.28%
8752.0,4361,3564,81,87.28%
8752.0,4361,3561,81,87.32%
8760.0,4365,3563,81,87.16%
8752.0,4364,3560,81,87.24%
8752.0,4362,3559,81,87.29%
8752.0,4363,3565,81,87.32%
8752.0,4364,3561,82,87.29%
8752.0,4364,3557,82,87.25%
8752.0,4365,3563,82,87.27%
8752.0,4366,3566,82,87.15%
8752.0,4366,3562,82,87.40%
8752.0,4367,3558,82,87.35%
8752.0,4369,3559,82,87.36%
8752.0,4369,3559,82,87.28%
8752.0,4369,3563,82,87.31%
8752.0,4371,3563,83,87.23%
8752.0,4372,3559,83,87.28%
8760.0,4372,3563,83,87.27%
8752.0,4373,3557,83,87.31%
8752.0,4371,3561,83,87.11%
8752.0,4374,3559,83,87.19%
8752.0,4374,3561,83,87.19%
8752.0,4375,3560,83,87.27%
8752.0,4374,3563,83,87.31%
8752.0,4377,3556,83,87.15%
8752.0,4375,3562,84,87.34%
8752.0,4378,3564,84,87.35%
8752.0,4379,3555,84,87.35%
8752.0,4379,3565,84,87.27%
8752.0,4378,3558,84,87.30%
8752.0,4378,3559,84,87.35%
8752.0,4380,3562,84,87.35%
8752.0,4380,3556,84,87.27%
8752.0,4381,3561,84,87.27%
8752.0,4384,3561,85,87.22%
8752.0,4380,3555,85,87.26%
8752.0,4385,3561,85,87.43%
8752.0,4385,3568,85,87.34%
8752.0,4385,3561,85,87.43%
8752.0,4385,3559,85,87.38%
8760.0,4385,3561,85,87.22%
8752.0,4387,3557,85,87.26%
8752.0,4390,3555,85,87.30%
8752.0,4387,3565,85,87.30%
8752.0,4387,3560,86,87.21%
8752.0,4391,3559,86,87.26%
8752.0,4390,3558,86,87.26%
8752.0,4392,3561,86,87.34%
8752.0,4394,3559,86,87.45%
8752.0,4392,3563,86,87.37%
8752.0,4392,3559,86,87.37%
8752.0,4392,3558,86,87.29%
8752.0,4395,3563,86,87.29%
8752.0,4397,3561,87,87.25%
8752.0,4394,3567,87,87.29%
8752.0,4398,3557,87,87.34%
8752.0,4398,3563,87,87.34%
8752.0,4397,3561,87,87.29%
8752.0,4401,3570,87,87.41%
8752.0,4397,3561,87,87.41%
8752.0,4402,3563,87,87.38%
8752.0,4402,3565,87,87.38%
8752.0,4402,3561,87,87.32%
8752.0,4402,3561,88,87.36%
8752.0,4404,3561,88,87.32%
8752.0,4403,3555,88,87.36%
8752.0,4403,3557,88,87.25%
8752.0,4406,3557,88,87.36%
8752.0,4406,3557,88,87.36%
8752.0,4407,3564,88,87.23%
8752.0,4406,3554,88,87.28%
8752.0,4406,3559,88,87.45%
8752.0,4410,3560,89,87.44%
8752.0,4409,3557,89,87.22%
8752.0,4412,3556,89,87.31%
8752.0,4413,3550,89,87.26%
8752.0,4413,3556,89,87.27%
8752.0,4413,3557,89,87.27%
8752.0,4415,3557,89,87.37%
8752.0,4416,3561,89,87.23%
8752.0,4415,3560,89,87.38%
8752.0,4415,3558,90,87.43%
8752.0,4417,3555,90,87.33%
8752.0,4418,3556,90,87.35%
8752.0,4415,3560,90,87.33%
8752.0,4418,3552,90,87.35%
8752.0,4421,3567,90,87.30%
8752.0,4424,3561,90,87.30%
8752.0,4422,3558,90,87.22%
8752.0,4422,3563,90,87.40%
8752.0,4427,3561,91,87.46%
8752.0,4421,3560,91,87.34%
8752.0,4424,3560,91,87.37%
8752.0,4426,3555,91,87.34%
8752.0,4428,3559,91,87.29%
8752.0,4427,3557,91,87.29%
8752.0,4429,3553,91,87.26%
8752.0,4432,3557,91,87.29%
8752.0,4433,3557,91,87.26%
8752.0,4431,3563,92,87.50%
8752.0,4435,3555,92,87.37%
8752.0,4435,3566,92,87.45%
8752.0,4436,3556,92,87.45%
8752.0,4432,3562,92,87.32%
8752.0,4437,3556,92,87.45%
8752.0,4435,3555,92,87.39%
8752.0,4439,3557,92,87.34%
8752.0,4437,3550,92,87.36%
8752.0,4439,3545,93,87.43%
8752.0,4440,3539,93,87.42%
8752.0,4437,3542,93,87.35%
8752.0,4439,3530,93,87.34%
8752.0,4438,3527,93,87.36%
8752.0,4442,3519,93,87.50%
8752.0,4442,3517,93,87.52%
8752.0,4440,3511,93,87.54%
8752.0,4442,3510,93,87.58%
8760.0,4441,3505,94,87.47%
8760.0,4441,3495,94,87.51%
8752.0,4441,3493,94,87.56%
8760.0,4440,3490,94,87.42%
8760.0,4446,3477,94,87.54%
8760.0,4444,3477,94,87.47%
8760.0,4441,3470,94,87.54%
8760.0,4442,3464,94,87.48%
8760.0,4442,3455,94,87.55%
8760.0,4444,3457,94,87.57%
8760.0,4444,3451,95,87.59%
8760.0,4444,3454,95,87.53%
8760.0,4447,3445,95,87.60%
8760.0,4443,3431,95,87.54%
8760.0,4442,3438,95,87.61%
8760.0,4446,3428,95,87.63%
8760.0,4448,3425,95,87.58%
8760.0,4446,3418,95,87.60%
8760.0,4447,3415,95,87.54%
8760.0,4448,3409,96,87.61%
8768.0,4446,3409,96,87.55%
8768.0,4445,3402,96,87.54%
8760.0,4445,3399,96,87.69%
8760.0,4446,3391,96,87.63%
8768.0,4450,3387,96,87.62%
8760.0,4445,3381,96,87.64%
8768.0,4447,3379,96,87.63%
8768.0,4449,3370,96,87.62%
8768.0,4448,3367,96,87.79%
8768.0,4446,3361,96,87.78%
8768.0,4448,3364,97,87.65%
8768.0,4449,3358,97,87.79%
8768.0,4449,3346,97,87.65%
8768.0,4451,3350,97,87.80%
8768.0,4451,3341,97,87.87%
8768.0,4450,3335,97,87.80%
8768.0,4452,3328,97,87.88%
8768.0,4451,3322,97,87.81%
8768.0,4451,3328,97,87.89%
8776.0,4452,3318,97,87.83%
8768.0,4450,3315,98,87.85%
8768.0,4451,3302,98,87.96%
8776.0,4453,3301,98,87.85%
8776.0,4451,3290,98,87.91%
8776.0,4452,3281,98,87.83%
8776.0,4450,3271,98,87.93%
8776.0,4451,3268,98,87.95%
8776.0,4451,3264,98,87.91%
8776.0,4450,3250,98,87.93%
8776.0,4451,3244,98,88.04%
8784.0,4450,3234,99,87.98%
8776.0,4449,3219,99,88.12%
8784.0,4450,3221,99,88.07%
8784.0,4449,3209,99,87.98%
8784.0,4450,3201,99,88.05%
8784.0,4449,3201,99,88.06%
8784.0,4450,3190,99,87.87%
8784.0,4452,3175,99,87.94%
8784.0,4451,3173,99,87.96%
8784.0,4452,3162,99,88.03%
8784.0,4448,3151,99,88.15%
8784.0,4450,3150,99,88.01%
8784.0,4450,3141,99,87.98%
8784.0,4450,3133,99,88.08%
8784.0,4450,3125,99,88.07%
8784.0,4448,3117,99,88.08%
8784.0,4449,3105,99,88.20%
8792.0,4449,3103,99,88.05%
8792.0,4446,3099,99,88.12%
8792.0,4448,3085,99,88.19%
8792.0,4451,3085,99,88.06%
8792.0,4450,3073,99,88.23%
8792.0,4449,3059,99,88.30%
8792.0,4448,3058,99,88.21%
8792.0,4449,3049,99,88.39%
8800.0,4449,3045,99,88.28%
8800.0,4450,3033,99,88.15%
8792.0,4449,3030,99,88.25%
8800.0,4449,3020,99,88.35%
8800.0,4447,3011,99,88.26%
8800.0,4446,3001,99,88.33%
8800.0,4446,2999,99,88.26%
8800.0,4445,2991,99,88.33%
8800.0,4447,2979,99,88.46%
8800.0,4447,2981,99,88.33%
8800.0,4447,2969,99,88.40%
8800.0,4447,2968,99,88.31%
8800.0,4444,2960,99,88.38%
8800.0,4447,2952,99,88.47%
8800.0,4447,2944,99,88.44%
8808.0,4448,2939,99,88.49%
8808.0,4443,2930,99,88.46%
8808.0,4447,2927,99,88.43%
8808.0,4446,2911,99,88.40%
8808.0,4447,2906,99,88.48%
8808.0,4448,2903,99,88.50%
8808.0,4449,2895,99,88.54%
8808.0,4444,2883,99,88.55%
8808.0,4445,2878,99,88.63%
8808.0,4447,2871,99,88.49%
8808.0,4445,2864,99,88.62%
8808.0,4446,2856,99,88.65%
8808.0,4446,2851,99,88.62%
8808.0,4443,2844,99,88.55%
8816.0,4445,2839,99,88.65%
8816.0,4445,2831,99,88.62%
8816.0,4445,2821,99,88.65%
8816.0,4445,2807,99,88.57%
8816.0,4445,2807,99,88.76%
8816.0,4444,2798,99,88.67%
8816.0,4444,2795,99,88.64%
8816.0,4443,2785,99,88.73%
8816.0,4447,2776,99,88.59%
8816.0,4443,2771,99,88.71%
8816.0,4445,2760,99,88.81%
8816.0,4444,2755,99,88.62%
8816.0,4443,2753,99,88.81%
8816.0,4445,2742,99,88.73%
8816.0,4440,2734,99,88.59%
8824.0,4444,2732,99,88.61%
8824.0,4442,2725,99,88.69%
8824.0,4443,2720,99,88.66%
8824.0,4442,2709,99,88.56%
8824.0,4442,2704,99,88.46%
8824.0,4444,2695,99,88.62%
8824.0,4444,2687,99,88.72%
8824.0,4443,2679,99,88.69%
8824.0,4444,2679,99,88.66%
8824.0,4443,2671,99,88.68%
8824.0,4443,2664,99,88.76%
8824.0,4440,2652,99,88.86%
8824.0,4441,2647,99,88.89%
8824.0,4442,2638,99,88.79%
8832.0,4442,2637,99,88.75%
8824.0,4441,2626,99,88.86%
8832.0,4442,2617,99,88.80%
8832.0,4440,2613,99,88.79%
8832.0,4443,2608,99,88.87%
8832.0,4442,2594,99,88.98%
8832.0,4442,2592,99,88.81%
8832.0,4440,2586,99,88.79%
8832.0,4441,2588,99,88.88%
8832.0,4443,2576,99,88.79%
8832.0,4440,2569,99,88.90%
8832.0,4441,2560,99,88.97%
8832.0,4442,2552,99,88.88%
8840.0,4439,2542,99,88.89%
8840.0,4439,2538,99,88.93%
8840.0,4441,2534,99,89.04%
8840.0,4440,2525,99,89.00%
8840.0,4440,2518,99,88.97%
8840.0,4441,2514,99,89.06%
8840.0,4439,2500,99,88.97%
8840.0,4440,2499,99,88.94%
8840.0,4442,2493,99,88.98%
8840.0,4442,2482,99,89.07%
8840.0,4441,2481,99,88.98%
8840.0,4442,2469,99,89.15%
8840.0,4439,2467,99,88.99%
8840.0,4440,2460,99,89.22%
8840.0,4439,2447,99,89.26%
8840.0,4439,2443,99,89.03%
8840.0,4439,2433,99,89.14%
8848.0,4440,2429,99,89.08%
8848.0,4440,2426,99,88.99%
8848.0,4437,2419,99,89.16%
8848.0,4437,2415,99,89.00%
8848.0,4437,2408,99,89.17%
8848.0,4437,2400,99,89.15%
8848.0,4442,2390,99,89.04%
8848.0,4439,2388,99,89.21%
8848.0,4438,2380,99,89.27%
8848.0,4440,2377,99,89.09%
8848.0,4439,2364,99,89.26%
8848.0,4437,2355,99,89.32%
8848.0,4437,2355,99,89.13%
8848.0,4439,2345,99,89.01%
8856.0,4437,2340,99,89.19%
8856.0,4440,2342,99,89.09%
8856.0,4436,2328,99,89.14%
8856.0,4438,2322,99,89.02%
8856.0,4440,2313,99,89.08%
8856.0,4440,2314,99,88.97%
8856.0,4436,2300,99,89.07%
8856.0,4436,2299,99,89.05%
8856.0,4437,2290,99,89.09%
8856.0,4438,2286,99,89.14%
8856.0,4435,2280,99,89.10%
8856.0,4437,2270,99,89.22%
8856.0,4437,2264,99,89.19%
8856.0,4439,2257,99,89.17%
8856.0,4436,2249,99,89.27%
8864.0,4435,2248,99,89.10%
8856.0,4435,2247,99,89.36%
8864.0,4436,2238,99,89.10%
8864.0,4438,2228,99,89.15%
8856.0,4438,2221,99,89.29%
8864.0,4434,2218,99,89.17%
8864.0,4434,2211,99,89.14%
8864.0,4437,2206,99,89.04%
8864.0,4435,2205,99,89.23%
8864.0,4434,2196,99,89.27%
8864.0,4437,2190,99,89.17%
8864.0,4438,2184,99,89.22%
8864.0,4437,2178,99,89.18%
8864.0,4439,2173,99,89.23%
8864.0,4433,2164,99,89.21%
8864.0,4432,2156,99,89.17%
8864.0,4435,2146,99,89.13%
8864.0,4433,2146,99,89.34%
8864.0,4434,2135,99,89.23%
8864.0,4435,2133,99,89.35%
8872.0,4436,2128,99,89.26%
8872.0,4435,2127,99,89.39%
8872.0,4436,2116,99,89.12%
8872.0,4434,2107,99,89.16%
8864.0,4434,2107,99,89.29%
8872.0,4433,2095,99,89.26%
8872.0,4436,2090,99,89.31%
8872.0,4433,2082,99,89.20%
8872.0,4432,2080,99,89.25%
8872.0,4434,2076,99,89.23%
8872.0,4432,2065,99,89.36%
8872.0,4431,2060,99,89.24%
8872.0,4435,2059,99,89.38%
8872.0,4432,2056,99,89.27%
8872.0,4433,2048,99,89.25%
8872.0,4433,2040,99,89.37%
8872.0,4434,2030,99,89.26%
8872.0,4434,2033,99,89.40%
8872.0,4432,2024,99,89.36%
8880.0,4435,2015,99,89.26%
8880.0,4431,2008,99,89.31%
8880.0,4432,2003,99,89.36%
8880.0,4433,2005,99,89.32%
8880.0,4434,1992,99,89.30%
8880.0,4431,1985,99,89.35%
8880.0,4433,1983,99,89.42%
8880.0,4432,1979,99,89.22%
8880.0,4432,1974,99,89.36%
8880.0,4433,1966,99,89.32%
8880.0,4432,1968,99,89.38%
8880.0,4433,1955,99,89.52%
8880.0,4432,1945,99,89.50%
8880.0,4432,1943,99,89.39%
8880.0,4432,1941,99,89.35%
8880.0,4433,1939,99,89.33%
8888.0,4432,1929,99,89.39%
8880.0,4433,1927,99,89.43%
8880.0,4432,1920,99,89.51%
8880.0,4432,1909,99,89.47%
8888.0,4431,1912,99,89.53%
8888.0,4431,1903,99,89.42%
8888.0,4434,1898,99,89.41%
8888.0,4428,1891,99,89.53%
8888.0,4431,1891,99,89.18%
8888.0,4432,1878,99,89.33%
8888.0,4431,1880,99,89.37%
8888.0,4432,1871,99,89.17%
8888.0,4431,1868,99,89.40%
8888.0,4431,1862,99,89.21%
8896.0,4432,1863,99,89.36%
8888.0,4432,1853,99,89.24%
8888.0,4431,1842,99,89.39%
8888.0,4431,1848,99,89.35%
8888.0,4431,1834,99,89.33%
8888.0,4428,1828,99,89.48%
8896.0,4430,1824,99,89.28%
8896.0,4431,1820,99,89.34%
8896.0,4429,1812,99,89.15%
8896.0,4429,1806,99,89.20%
8896.0,4429,1802,99,89.18%
8896.0,4427,1798,99,89.34%
8896.0,4431,1791,99,89.22%
8896.0,4428,1789,99,89.47%
8896.0,4426,1786,99,89.25%
8896.0,4429,1784,99,89.41%
8896.0,4430,1768,99,89.37%
8896.0,4429,1763,99,89.25%
8896.0,4429,1764,99,89.40%
8896.0,4430,1758,99,89.38%
8896.0,4430,1750,99,89.36%
8896.0,4427,1745,99,89.32%
8896.0,4430,1743,99,89.40%
8896.0,4430,1741,99,89.46%
8896.0,4429,1730,99,89.34%
8896.0,4429,1730,99,89.40%
8896.0,4430,1724,99,89.37%
8896.0,4428,1720,99,89.43%
8904.0,4428,1713,99,89.33%
8896.0,4428,1708,99,89.31%
8896.0,4429,1701,99,89.35%
8904.0,4427,1693,99,89.43%
8904.0,4428,1690,99,89.31%
8904.0,4430,1690,99,89.28%
8904.0,4427,1679,99,89.35%
8904.0,4430,1677,99,89.43%
8904.0,4428,1672,99,89.30%
8904.0,4427,1668,99,89.36%
8904.0,4428,1664,99,89.34%
8904.0,4427,1662,99,89.51%
8904.0,4427,1656,99,89.19%
8904.0,4428,1649,99,89.25%
8904.0,4425,1640,99,89.23%
8904.0,4427,1641,99,89.51%
8904.0,4427,1636,99,89.27%
8904.0,4427,1634,99,89.55%
8904.0,4428,1625,99,89.22%
8904.0,4427,1619,99,89.39%
8904.0,4426,1615,99,89.46%
8904.0,4427,1611,99,89.63%
8904.0,4426,1605,99,89.30%
8904.0,4426,1598,99,89.37%
8912.0,4429,1596,99,89.29%
8904.0,4427,1591,99,89.43%
8904.0,4426,1589,99,89.52%
8912.0,4429,1588,99,89.28%
8912.0,4427,1576,99,89.26%
8904.0,4427,1575,99,89.52%
8912.0,4428,1573,99,89.41%
8912.0,4425,1566,99,89.39%
8912.0,4425,1560,99,89.44%
8912.0,4427,1558,99,89.31%
8912.0,4426,1558,99,89.28%
8912.0,4426,1550,99,89.11%
8912.0,4427,1544,99,89.45%
8912.0,4423,1540,99,89.27%
8912.0,4426,1536,99,89.38%
8912.0,4426,1528,99,89.38%
8912.0,4424,1524,99,89.36%
8912.0,4426,1522,99,89.18%
8912.0,4425,1516,99,89.40%
8912.0,4423,1515,99,89.26%
8912.0,4426,1512,99,89.08%
8912.0,4426,1504,99,89.05%
8912.0,4425,1501,99,89.24%
8920.0,4424,1493,99,89.02%
8912.0,4424,1491,99,89.29%
8912.0,4425,1487,99,89.38%
8920.0,4425,1484,99,89.06%
8920.0,4426,1480,99,89.04%
8912.0,4425,1475,99,89.19%
8912.0,4424,1468,99,89.16%
8920.0,4425,1465,99,89.27%
8920.0,4424,1464,99,89.03%
8920.0,4424,1456,99,88.98%
8920.0,4424,1446,99,89.20%
8920.0,4425,1452,99,89.05%
8920.0,4426,1445,99,89.25%
8920.0,4424,1444,99,89.12%
8920.0,4422,1440,99,88.98%
8920.0,4424,1428,99,88.95%
8920.0,4425,1431,99,89.15%
8920.0,4424,1422,99,89.24%
8920.0,4425,1420,99,89.10%
8920.0,4423,1410,99,89.29%
8920.0,4425,1412,99,89.14%
8920.0,4423,1411,99,89.02%
8920.0,4425,1402,99,89.09%
8920.0,4424,1402,99,89.06%
8920.0,4424,1397,99,89.06%
8920.0,4422,1393,99,89.14%
8920.0,4426,1389,99,89.21%
8920.0,4424,1384,99,88.96%
8920.0,4421,1379,99,89.16%
8920.0,4424,1380,99,89.01%
8920.0,4422,1372,99,89.11%
8920.0,4422,1368,99,89.08%
8920.0,4424,1364,99,88.95%
8920.0,4423,1356,99,89.26%
8920.0,4420,1355,99,89.00%
8928.0,4425,1354,99,88.89%
8928.0,4424,1350,99,89.10%
8928.0,4422,1344,99,89.07%
8928.0,4423,1345,99,88.94%
8928.0,4422,1340,99,89.28%
8928.0,4420,1332,99,88.99%
8928.0,4422,1325,99,88.83%
8928.0,4421,1329,99,88.94%
8928.0,4422,1312,99,89.04%
8928.0,4420,1317,99,89.15%
8928.0,4422,1313,99,88.85%
8928.0,4422,1314,99,89.09%
8928.0,4421,1310,99,88.69%
8928.0,4422,1304,99,89.04%
8928.0,4423,1298,99,89.01%
8928.0,4420,1297,99,88.85%
8928.0,4425,1289,99,88.85%
8928.0,4421,1295,99,89.06%
8928.0,4421,1287,99,89.03%
8928.0,4422,1283,99,89.00%
8928.0,4420,1286,99,88.98%
8928.0,4423,1272,99,89.09%
8928.0,4423,1277,99,88.92%
8928.0,4421,1267,99,88.89%
8928.0,4421,1264,99,88.86%
8928.0,4420,1261,99,89.11%
8928.0,4421,1255,99,88.80%
8936.0,4420,1249,99,88.83%
8928.0,4421,1250,99,89.02%
8936.0,4422,1247,99,88.91%
8936.0,4422,1242,99,88.74%
8936.0,4420,1243,99,88.86%
8928.0,4421,1228,99,89.05%
8936.0,4421,1229,99,88.80%
8936.0,4420,1228,99,88.91%
8936.0,4423,1221,99,89.14%
8936.0,4421,1218,99,88.53%
8936.0,4421,1211,99,89.16%
8936.0,4422,1208,99,88.99%
8936.0,4419,1200,99,88.84%
8936.0,4420,1197,99,88.78%
8936.0,4418,1190,99,88.75%
8936.0,4420,1181,99,88.68%
8936.0,4417,1181,99,88.94%
8936.0,4417,1180,99,88.76%
8936.0,4417,1177,99,88.58%
8936.0,4416,1168,99,88.67%
8936.0,4419,1162,99,88.37%
8936.0,4418,1155,99,88.46%
8936.0,4418,1155,99,88.51%
8936.0,4418,1148,99,88.70%
8936.0,4417,1149,99,88.78%
8936.0,4417,1137,99,88.75%
8936.0,4415,1144,99,88.57%
8936.0,4415,1129,99,88.38%
8936.0,4414,1125,99,88.78%
8944.0,4415,1123,99,88.75%
8936.0,4417,1121,99,88.71%
8936.0,4415,1116,99,88.40%
8944.0,4418,1116,99,88.29%
8944.0,4413,1101,99,88.79%
8944.0,4416,1101,99,88.35%
8944.0,4413,1096,99,88.44%
8944.0,4412,1091,99,88.12%
8944.0,4412,1093,99,88.53%
8944.0,4413,1082,99,88.17%
8944.0,4411,1081,99,88.42%
8944.0,4414,1080,99,88.26%
8944.0,4416,1076,99,88.52%
8944.0,4413,1063,99,88.48%
8944.0,4412,1072,99,88.58%
8944.0,4413,1058,99,88.91%
8944.0,4412,1053,99,88.38%
8944.0,4414,1051,99,88.34%
8944.0,4415,1050,99,88.18%
8944.0,4411,1051,99,88.61%
8944.0,4412,1041,99,87.90%
8944.0,4413,1040,99,88.16%
8944.0,4412,1037,99,88.46%
8944.0,4411,1030,99,88.13%
8944.0,4411,1032,99,88.09%
8944.0,4411,1016,99,88.22%
8944.0,4414,1019,99,88.19%
8944.0,4411,1024,99,88.15%
8944.0,4412,1007,99,87.95%
8944.0,4412,1005,99,87.61%
8952.0,4411,1001,99,88.13%
8952.0,4412,997,99,88.11%
8952.0,4412,1004,99,88.07%
8944.0,4412,995,99,88.29%
8952.0,4408,990,99,87.69%
8952.0,4409,985,99,87.92%
8952.0,4411,983,99,87.92%
8952.0,4410,979,99,88.06%
8952.0,4410,975,99,88.34%
8952.0,4411,974,99,87.98%
8952.0,4410,965,99,88.08%
8952.0,4409,962,99,87.90%
8952.0,4410,957,99,87.68%
8952.0,4410,956,99,87.64%
8952.0,4409,946,99,88.15%
8952.0,4409,941,99,87.93%
8952.0,4407,946,99,87.89%
8952.0,4408,940,99,88.07%
8952.0,4407,938,99,88.03%
8952.0,4410,942,99,87.95%
8952.0,4408,928,99,87.91%
8952.0,4407,933,99,87.54%
8952.0,4409,926,99,88.05%
8952.0,4407,923,99,87.83%
8952.0,4407,924,99,87.79%
8952.0,4407,916,99,87.56%
8960.0,4408,915,99,87.62%
8952.0,4407,909,99,87.70%
8952.0,4404,907,99,87.47%
8952.0,4408,897,99,87.77%
8952.0,4407,901,99,87.92%
8952.0,4407,900,99,87.68%
8952.0,4406,898,99,87.68%
8952.0,4406,895,99,87.79%
8952.0,4404,890,99,88.14%
8952.0,4407,891,99,87.75%
8952.0,4404,880,99,87.51%
8952.0,4406,878,99,87.78%
8960.0,4403,866,99,87.54%
8952.0,4406,874,99,87.77%
8960.0,4406,867,99,87.49%
8952.0,4404,863,99,87.57%
8960.0,4407,867,99,87.05%
8960.0,4406,860,99,87.36%
8960.0,4406,857,99,87.36%
8960.0,4405,854,99,87.31%
8960.0,4405,849,99,87.62%
8960.0,4405,844,99,87.26%
8960.0,4404,851,99,86.86%
8960.0,4405,843,99,87.37%
8960.0,4405,842,99,87.33%
8960.0,4404,838,99,87.69%
8960.0,4403,827,99,87.08%
8960.0,4405,827,99,87.23%
8960.0,4404,834,99,87.03%
8960.0,4405,832,99,86.98%
8960.0,4405,820,99,86.57%
8960.0,4405,819,99,87.09%
8960.0,4403,817,99,86.88%
8960.0,4403,817,99,87.21%
8960.0,4403,815,99,86.79%
8960.0,4405,810,99,86.95%
8960.0,4402,809,99,86.90%
8960.0,4401,807,99,86.85%
8960.0,4402,792,99,86.85%
8960.0,4405,799,99,87.01%
8960.0,4403,794,99,86.75%
8960.0,4402,794,99,86.84%
8960.0,4401,787,99,86.70%
8960.0,4401,784,99,87.08%
8960.0,4401,782,99,87.03%
8960.0,4402,780,99,86.81%
8960.0,4402,777,99,86.98%
8960.0,4402,777,99,86.76%
8960.0,4402,782,99,86.49%
8960.0,4401,770,99,86.88%
8960.0,4400,767,99,86.82%
8960.0,4400,766,99,86.99%
8968.0,4400,759,99,86.69%
8968.0,4400,759,99,86.42%
8968.0,4399,755,99,86.58%
8968.0,4402,757,99,86.76%
8968.0,4399,751,99,86.93%
8960.0,4401,747,99,86.78%
8968.0,4400,747,99,86.60%
8968.0,4399,749,99,86.42%
8968.0,4398,735,99,86.36%
8968.0,4400,736,99,86.77%
8968.0,4400,739,99,86.66%
8968.0,4400,727,99,86.66%
8968.0,4400,727,99,86.66%
8968.0,4401,721,99,86.37%
8968.0,4400,719,99,86.14%
8968.0,4399,721,99,86.78%
8968.0,4399,712,99,86.26%
8968.0,4398,710,99,86.26%
8968.0,4398,706,99,86.44%
8968.0,4398,706,99,86.20%
8968.0,4401,710,99,86.62%
8968.0,4397,705,99,86.56%
8968.0,4400,702,99,86.50%
8968.0,4400,705,99,86.50%
8968.0,4399,696,99,86.20%
8968.0,4398,694,99,86.20%
8968.0,4397,695,99,86.57%
8968.0,4398,694,99,86.08%
8968.0,4399,688,99,86.36%
8968.0,4396,693,99,86.11%
8968.0,4398,680,99,86.21%
8968.0,4397,687,99,85.81%
8968.0,4398,673,99,86.24%
8968.0,4397,671,99,85.93%
8968.0,4398,677,99,86.27%
8968.0,4398,680,99,86.12%
8968.0,4398,672,99,85.37%
8968.0,4398,673,99,86.06%
8968.0,4395,663,99,85.96%
8976.0,4397,671,99,85.67%
8968.0,4395,660,99,85.93%
8976.0,4396,659,99,85.79%
8968.0,4396,657,99,85.87%
8968.0,4395,650,99,85.61%
8968.0,4396,657,99,85.61%
8968.0,4397,651,99,85.92%
8968.0,4396,651,99,85.22%
8968.0,4396,649,99,85.22%
8976.0,4397,645,99,85.53%
8976.0,4394,641,99,85.27%
8968.0,4396,635,99,86.07%
8976.0,4397,636,99,85.20%
8976.0,4396,633,99,85.13%
8976.0,4393,625,99,85.59%
8976.0,4397,627,99,85.33%
8976.0,4397,637,99,84.79%
8976.0,4394,622,99,85.45%
8976.0,4395,622,99,84.99%
8976.0,4394,624,99,84.92%
8976.0,4397,622,99,85.86%
8976.0,4394,619,99,85.38%
8976.0,4395,620,99,85.31%
8976.0,4395,621,99,85.52%
8976.0,4394,608,99,85.24%
8976.0,4395,607,99,84.77%
8976.0,4393,618,99,85.17%
8976.0,4393,599,99,85.10%
8976.0,4396,602,99,84.82%
8976.0,4393,602,99,85.10%
8976.0,4394,599,99,85.03%
8976.0,4395,597,99,85.03%
8976.0,4393,597,99,84.95%
8976.0,4392,595,99,84.95%
8976.0,4396,592,99,85.16%
8976.0,4394,586,99,84.80%
8976.0,4393,591,99,85.08%
8976.0,4394,587,99,84.80%
8976.0,4393,585,99,84.73%
8976.0,4393,583,99,84.93%
8976.0,4395,581,99,84.86%
8976.0,4392,574,99,84.93%
8976.0,4391,578,99,84.86%
8976.0,4392,578,99,85.07%
8976.0,4391,568,99,84.49%
8976.0,4392,573,99,84.99%
8976.0,4390,569,99,84.99%
8976.0,4392,566,99,84.12%
8976.0,4391,563,99,84.62%
8976.0,4391,565,99,84.83%
8976.0,4390,560,99,85.13%
8976.0,4394,561,99,84.54%
8976.0,4391,555,99,84.76%
8976.0,4394,565,99,84.76%
8976.0,4393,562,99,84.67%
8984.0,4394,557,99,84.52%
8976.0,4389,555,99,85.41%
8976.0,4391,557,99,85.03%
8976.0,4392,550,99,84.51%
8976.0,4392,544,99,84.43%
8976.0,4390,546,99,84.43%
8976.0,4392,545,99,84.65%
8984.0,4392,547,99,84.79%
8976.0,4391,533,99,84.40%
8976.0,4391,537,99,85.10%
8984.0,4391,535,99,84.10%
8984.0,4392,528,99,84.63%
8976.0,4390,528,99,84.70%
8976.0,4390,534,99,84.24%
8976.0,4387,516,99,83.99%
8984.0,4389,527,99,84.54%
8984.0,4392,525,99,84.76%
8984.0,4388,523,99,84.77%
8984.0,4391,521,99,83.76%
8984.0,4391,523,99,84.53%
8984.0,4391,527,99,84.99%
8984.0,4391,515,99,83.91%
8984.0,4391,516,99,83.81%
8984.0,4390,508,99,83.49%
8984.0,4389,507,99,84.27%
8984.0,4390,515,99,83.63%
8984.0,4390,510,99,84.27%
8984.0,4390,509,99,84.01%
8984.0,4389,511,99,83.76%
8984.0,4389,500,99,83.44%
8984.0,4388,495,99,84.18%
8984.0,4389,502,99,83.76%
8984.0,4389,500,99,83.44%
8984.0,4391,500,99,83.44%
8984.0,4390,495,99,83.34%
8984.0,4389,497,99,83.34%
8984.0,4389,490,99,83.48%
8984.0,4391,483,99,83.24%
8984.0,4390,483,99,83.81%
8984.0,4388,483,99,82.91%
8984.0,4389,487,99,83.38%
8984.0,4390,480,99,83.72%
8984.0,4388,481,99,82.48%
8984.0,4389,477,99,83.05%
8984.0,4391,486,99,82.94%
8984.0,4389,480,99,83.52%
8984.0,4389,471,99,83.28%
8984.0,4387,474,99,82.84%
8984.0,4389,473,99,82.74%
8984.0,4389,474,99,83.66%
8984.0,4387,470,99,83.08%
8984.0,4387,474,99,82.74%
8984.0,4389,467,99,82.74%
8984.0,4387,465,99,83.32%
8984.0,4388,458,99,82.63%
8984.0,4389,467,99,82.87%
8984.0,4387,463,99,82.52%
8984.0,4391,465,99,82.52%
8984.0,4389,461,99,82.87%
8984.0,4389,458,99,82.66%
8984.0,4388,454,99,82.66%
8984.0,4389,450,99,82.30%
8984.0,4386,455,99,82.90%
8984.0,4386,447,99,82.55%
8992.0,4387,448,99,82.72%
8984.0,4388,447,99,81.84%
8984.0,4389,450,99,82.08%
8984.0,4387,450,99,82.08%
8984.0,4387,450,99,81.53%
8984.0,4387,440,99,82.08%
8984.0,4388,451,99,82.50%
8992.0,4386,441,99,82.50%
8984.0,4387,439,99,81.96%
8984.0,4386,431,99,82.46%
8984.0,4387,441,99,81.48%
8984.0,4388,439,99,81.97%
8984.0,4387,436,99,81.36%
8984.0,4386,431,99,81.73%
8984.0,4386,434,99,81.97%
8984.0,4385,426,99,81.97%
8984.0,4386,423,99,81.61%
8992.0,4386,434,99,82.15%
8984.0,4386,422,99,81.85%
8984.0,4387,425,99,81.73%
8992.0,4385,427,99,80.67%
8984.0,4386,424,99,80.99%
8984.0,4385,421,99,81.16%
8984.0,4384,421,99,80.99%
8984.0,4387,416,99,81.23%
8984.0,4387,421,99,80.86%
8992.0,4385,416,99,80.48%
8992.0,4387,415,99,81.03%
8984.0,4386,420,99,80.48%
8992.0,4387,410,99,80.65%
8984.0,4386,401,99,79.97%
8992.0,4386,405,99,80.77%
9016.0,4387,403,99,43.06%
9008.0,4345,0,99,48.46%
9016.0,4345,0,99,48.42%
9016.0,4343,-2,99,37.68%
9016.0,4342,0,99,33.91%
9016.0,4342,0,99,43.03%
9024.0,4341,-1,99,48.37%
9016.0,4342,0,99,37.68%
9016.0,4340,0,99,43.06%
9016.0,4341,0,99,43.06%
9016.0,4338,0,99,43.06%
9016.0,4341,0,99,43.03%
9016.0,4339,0,99,43.58%
9024.0,4339,0,99,37.65%
9016.0,4339,3,99,37.68%
9016.0,4337,0,99,48.42%
9016.0,4339,0,99,37.68%
9016.0,4336,1,99,48.42%
9016.0,4339,0,99,43.06%
9016.0,4337,0,99,48.42%
9016.0,4339,1,99,37.68%
9016.0,4337,3,99,53.79%
9016.0,4336,2,99,48.42%
9008.0,4337,-2,99,38.77%
9016.0,4338,0,99,37.68%
9024.0,4337,0,99,42.99%
9016.0,4337,0,99,43.03%
9016.0,4336,-3,99,48.41%
9016.0,4337,-2,99,48.41%
9016.0,4337,0,99,43.57%
9016.0,4335,-2,99,43.02%
9016.0,4336,1,99,33.91%
9016.0,4337,1,99,37.68%
9016.0,4336,0,99,38.76%
9016.0,4336,0,99,43.02%
9016.0,4335,1,99,43.02%
9016.0,4336,2,99,43.06%
9024.0,4335,2,99,37.65%
9024.0,4336,1,99,37.65%
9016.0,4336,0,99,48.41%
9024.0,4335,1,99,43.03%
9016.0,4334,-2,99,37.68%
9024.0,4336,0,99,33.88%
9024.0,4334,1,99,42.99%
9016.0,4335,0,99,48.41%
9016.0,4334,1,99,43.06%
9016.0,4335,1,99,43.06%
9016.0,4334,1,99,43.06%
9016.0,4334,1,99,43.02%
9016.0,4334,-2,99,48.41%
9016.0,4335,0,99,43.02%
9016.0,4335,2,99,37.68%
9016.0,4335,0,99,37.68%
9016.0,4333,2,99,43.02%
9024.0,4335,0,99,43.03%
9024.0,4333,-1,99,42.99%
9016.0,4335,0,99,43.06%
9016.0,4334,0,99,43.06%
9016.0,4334,-2,99,48.41%
9016.0,4335,0,99,43.06%
9016.0,4335,0,99,37.68%
9016.0,4335,-2,99,43.02%
9024.0,4334,1,99,43.06%
9016.0,4333,1,99,43.57%
9024.0,4333,0,99,48.36%
9016.0,4334,1,99,48.41%
9024.0,4334,2,99,43.03%
9016.0,4333,0,99,48.41%
9016.0,4333,0,99,38.76%
9016.0,4334,-1,99,43.02%
9000.0,4333,3,99,12.12%
9016.0,4333,0,99,43.57%
9024.0,4333,0,99,48.36%
9016.0,4332,0,99,43.02%
9016.0,4334,0,99,43.02%
9016.0,4334,4,99,48.41%
9024.0,4332,0,99,48.41%
9016.0,4332,1,99,43.02%
9024.0,4333,1,99,42.99%
9016.0,4334,1,99,37.68%
9016.0,4332,1,99,48.41%
9016.0,4332,0,99,48.41%
9016.0,4334,0,99,48.41%
9016.0,4332,1,99,43.02%
9016.0,4332,2,99,43.02%
9016.0,4334,2,99,48.41%
9016.0,4331,1,99,43.06%
9016.0,4332,1,99,38.76%
9016.0,4333,0,99,43.06%
9024.0,4333,0,99,48.36%
9024.0,4332,0,99,43.03%
9024.0,4332,0,99,37.65%
9024.0,4332,-1,99,37.65%
9016.0,4332,0,99,43.02%
9024.0,4332,2,99,38.72%
9024.0,4332,0,99,48.36%
9016.0,4331,0,99,37.68%
9008.0,4332,0,99,10.47%
9016.0,4332,0,99,43.06%
9024.0,4333,3,99,43.02%
9024.0,4331,0,99,37.65%
9024.0,4332,-3,99,43.03%
9024.0,4331,0,99,37.65%
9016.0,4332,-1,99,48.41%
9016.0,4332,0,99,48.41%
9016.0,4331,0,99,43.06%
9016.0,4331,0,99,43.02%
9016.0,4332,-1,99,37.68%
9016.0,4331,0,99,43.06%
9016.0,4331,1,99,38.72%
9024.0,4332,0,99,42.99%
9016.0,4331,1,99,37.68%
9016.0,4330,1,99,48.41%
9024.0,4331,0,99,48.36%
9016.0,4332,0,99,48.41%
9024.0,4332,-1,99,42.99%
9024.0,4332,0,99,43.03%
9016.0,4332,0,99,43.06%
9024.0,4332,-2,99,33.91%
9016.0,4332,-2,99,43.06%
9016.0,4331,1,99,43.06%
9016.0,4330,1,99,43.06%
9016.0,4331,0,99,48.41%
9016.0,4332,2,99,48.41%
9024.0,4331,0,99,37.65%
9016.0,4331,0,99,53.79%
9016.0,4331,-2,99,43.02%
9016.0,4330,-2,99,43.02%
9016.0,4330,2,99,48.41%
9016.0,4331,0,99,38.69%
9024.0,4330,3,99,37.65%
9016.0,4331,0,99,43.06%
9016.0,4331,1,99,43.06%
9016.0,4330,0,99,48.41%
9016.0,4332,3,99,43.02%
9016.0,4330,0,99,33.91%
9016.0,4329,3,99,43.02%
9016.0,4330,-2,99,43.02%
9024.0,4332,2,99,42.99%
9016.0,4331,0,99,37.68%
9016.0,4331,0,99,43.02%
9024.0,4330,0,99,48.36%
9016.0,4330,-2,99,48.41%
9016.0,4330,0,99,43.02%
9016.0,4331,0,99,43.02%
9016.0,4331,2,99,43.57%
9016.0,4329,-1,99,48.41%
9024.0,4330,-2,99,43.03%
9016.0,4329,0,99,48.41%
9016.0,4329,0,99,43.02%
9016.0,4330,-2,99,43.02%
9016.0,4330,0,99,37.68%
9016.0,4329,0,99,37.68%
9016.0,4329,-1,99,38.76%
9016.0,4330,-2,99,43.57%
9016.0,4330,3,99,43.57%
9000.0,4328,0,99,12.11%
9016.0,4330,-2,99,33.91%
9016.0,4331,0,99,48.41%
9024.0,4330,0,99,37.65%
9016.0,4330,-1,99,37.68%
9024.0,4330,0,99,48.36%
9016.0,4330,0,99,43.06%
9016.0,4330,1,99,48.41%
9016.0,4330,2,99,37.68%
9016.0,4329,0,99,43.02%
9024.0,4330,-2,99,38.72%
9016.0,4330,-2,99,48.45%
9016.0,4330,3,99,55.87%
9016.0,4329,0,99,37.68%
9016.0,4329,1,99,43.02%
9024.0,4329,-1,99,48.36%
9016.0,4329,0,99,48.41%
9024.0,4330,0,99,43.02%
9024.0,4329,0,99,43.03%
9016.0,4330,0,99,43.02%
9016.0,4329,-2,99,43.02%
9016.0,4329,1,99,38.72%
9024.0,4330,-1,99,43.03%
9016.0,4329,3,99,37.68%
9016.0,4331,-1,99,37.68%
9024.0,4330,2,99,43.06%
9016.0,4328,0,99,43.06%
9000.0,4330,1,99,10.79%
9016.0,4330,-2,99,48.41%
9016.0,4330,0,99,43.57%
9024.0,4330,0,99,37.68%
9016.0,4329,0,99,43.02%
9016.0,4330,3,99,43.06%
9016.0,4329,2,99,43.06%
9024.0,4329,-3,99,48.36%
9016.0,4329,-2,99,33.91%
9016.0,4330,0,99,43.57%
9016.0,4328,1,99,43.02%
9016.0,4329,-2,99,43.06%
9024.0,4328,0,99,43.03%
9016.0,4329,-2,99,43.06%
9016.0,4329,0,99,37.68%
9016.0,4328,-1,99,48.41%
9016.0,4329,0,99,43.02%
9016.0,4330,0,99,48.41%
9016.0,4328,-3,99,48.41%
9016.0,4330,3,99,43.02%
9016.0,4329,1,99,43.02%
9016.0,4329,0,99,43.02%
9024.0,4328,1,99,48.36%
9016.0,4328,1,99,43.06%
9024.0,4328,1,99,37.65%
9024.0,4330,4,99,43.52%
9024.0,4329,0,99,37.65%
9000.0,4327,0,99,12.12%
9024.0,4330,1,99,37.65%
9016.0,4329,-4,99,48.41%
9016.0,4329,1,99,43.02%
9024.0,4328,0,99,37.65%
9024.0,4328,1,99,48.41%
9024.0,4330,-2,99,37.65%
9016.0,4330,-1,99,33.91%
9016.0,4329,1,99,43.56%
9016.0,4329,1,99,37.68%
9024.0,4329,0,99,43.01%
9016.0,4330,1,99,43.01%
9024.0,4328,0,99,42.98%
9016.0,4328,0,99,37.68%
9016.0,4330,1,99,43.06%
9016.0,4330,0,99,37.68%
9016.0,4328,-2,99,43.01%
9024.0,4329,0,99,42.98%
9016.0,4330,1,99,43.06%
9024.0,4329,1,99,48.40%
9016.0,4329,-2,99,43.06%
9016.0,4327,-3,99,37.68%
9016.0,4328,1,99,48.40%
9016.0,4328,1,99,43.06%
9016.0,4327,3,99,43.01%
9024.0,4329,0,99,38.68%
9016.0,4328,1,99,43.06%
9008.0,4328,0,99,37.71%
9016.0,4328,2,99,43.01%
9016.0,4327,0,99,37.68%
9016.0,4329,1,99,38.76%
9016.0,4327,0,99,43.06%
9016.0,4329,1,99,37.68%
9016.0,4328,-4,99,48.41%
9016.0,4329,0,99,43.06%
9016.0,4328,0,99,43.06%
9016.0,4329,1,99,42.98%
9016.0,4329,0,99,43.02%
9024.0,4328,1,99,42.98%
9024.0,4329,3,99,43.03%
9024.0,4328,0,99,37.65%
9024.0,4329,-1,99,42.98%
9024.0,4329,1,99,48.36%
9016.0,4329,3,99,48.41%
9016.0,4328,4,99,43.06%
9024.0,4328,2,99,43.03%
9016.0,4329,0,99,43.06%
9024.0,4327,3,99,37.65%
9016.0,4327,-2,99,37.68%
9016.0,4328,0,99,43.06%
9024.0,4329,0,99,37.65%
9016.0,4328,0,99,48.40%
9016.0,4329,1,99,43.06%
9024.0,4327,1,99,37.68%
9008.0,4329,-2,99,12.11%
9024.0,4328,0,99,37.65%
9016.0,4328,4,99,43.01%
9016.0,4327,0,99,48.40%
9024.0,4329,1,99,43.06%
9016.0,4327,1,99,37.68%
9016.0,4328,0,99,43.06%
9024.0,4327,3,99,48.36%
9016.0,4328,0,99,43.06%
9016.0,4327,0,99,48.40%
9016.0,4327,0,99,43.06%
9016.0,4328,1,99,38.71%
9016.0,4327,-1,99,37.68%
9024.0,4327,0,99,37.68%
9016.0,4328,-4,99,43.06%
9016.0,4329,0,99,48.40%
9016.0,4326,0,99,43.06%
9016.0,4328,1,99,43.01%
9016.0,4327,2,99,38.71%
9016.0,4327,0,99,48.40%
9024.0,4328,0,99,33.88%
9024.0,4329,0,99,42.98%
9016.0,4327,3,99,48.40%
9016.0,4327,-2,99,48.40%
9024.0,4328,0,99,48.36%
9016.0,4327,0,99,48.40%
9024.0,4327,1,99,48.36%
9008.0,4326,0,99,9.43%
9024.0,4328,-2,99,42.98%
9016.0,4328,-2,99,43.06%
9016.0,4329,-3,99,43.01%
9024.0,4328,2,99,43.06%
9016.0,4327,2,99,43.06%
9016.0,4329,1,99,43.01%
9016.0,4327,0,99,43.01%
9016.0,4328,-2,99,43.01%
9016.0,4328,1,99,43.01%
9016.0,4327,1,99,37.68%
9016.0,4328,-2,99,37.68%
9016.0,4327,-1,99,43.01%
9016.0,4329,0,99,43.06%
9016.0,4328,-1,99,48.40%
9016.0,4326,0,99,37.68%
9016.0,4329,0,99,37.68%
9016.0,4328,-2,99,37.68%
9016.0,4327,0,99,48.36%
9016.0,4326,3,99,43.01%
9016.0,4327,1,99,37.68%
9016.0,4328,2,99,37.68%
9024.0,4328,1,99,42.98%
9016.0,4327,-2,99,48.40%
9016.0,4327,-2,99,43.06%
9024.0,4326,0,99,42.98%
9016.0,4328,-2,99,43.01%
9024.0,4327,-2,99,32.27%
9024.0,4328,-2,99,48.36%
9016.0,4327,-3,99,43.01%
9016.0,4328,3,99,48.45%
9016.0,4327,0,99,43.06%
9016.0,4327,-1,99,48.40%
9024.0,4327,1,99,48.36%
9016.0,4325,1,99,48.40%
9016.0,4326,0,99,43.01%
9024.0,4327,-2,99,43.03%
9024.0,4326,0,99,42.98%
9016.0,4326,1,99,43.01%
9024.0,4326,0,99,48.40%
9024.0,4328,0,99,42.98%
9016.0,4327,0,99,43.01%
9016.0,4328,2,99,43.01%
9016.0,4327,0,99,37.68%
9016.0,4327,0,99,37.68%
9016.0,4326,-3,99,43.01%
9016.0,4327,2,99,43.06%
9016.0,4328,0,99,37.68%
9016.0,4327,4,99,42.98%
9024.0,4328,1,99,48.36%
9016.0,4327,2,99,43.01%
9016.0,4327,-1,99,43.01%
9016.0,4328,0,99,37.68%
